id,name,age,salary,department_Marketing,department_Sales
1,John,-0.8295018954139965,-1.0259783520851544,False,True
2,Mary,0.0,-0.410391340834062,True,False
6,David,1.659003790827993,0.8207826816681231,False,False
7,Eva,0.8295018954139965,1.4363696929192156,False,False
8,Frank,-0.3318007581655986,0.5129891760425768,True,False
9,Grace,-1.3272030326623945,-1.3337718577107007,False,True
